node	rna_match	dna_match	neither	total	high_pp	pct_rna	pct_dna
Node1	8	1	15	24	8	33.333333333333336	4.166666666666667
Node2	10	2	12	24	15	41.666666666666664	8.333333333333334
Node3	11	2	11	24	20	45.833333333333336	8.333333333333334
Node4	11	2	11	24	20	45.833333333333336	8.333333333333334
Node5	11	2	11	24	20	45.833333333333336	8.333333333333334
