node	rna_match	dna_match	neither	total	high_pp	pct_rna	pct_dna
Node1	4	0	62	66	51	6.0606060606060606	0.0
Node2	4	0	62	66	52	6.0606060606060606	0.0
Node3	4	0	62	66	54	6.0606060606060606	0.0
Node4	4	0	62	66	56	6.0606060606060606	0.0
Node5	4	0	62	66	50	6.0606060606060606	0.0
