node	rna_match	dna_match	neither	total	high_pp	pct_rna	pct_dna
Node1	41	3	13	57	49	71.9298245614035	5.2631578947368425
Node2	41	3	13	57	48	71.9298245614035	5.2631578947368425
Node3	26	2	29	57	44	45.6140350877193	3.508771929824561
Node4	43	2	12	57	47	75.43859649122807	3.508771929824561
Node5	44	2	11	57	49	77.19298245614036	3.508771929824561
