node	rna_match	dna_match	neither	total	high_pp	pct_rna	pct_dna
Node1	18	2	179	199	99	9.045226130653266	1.0050251256281406
Node2	13	1	185	199	158	6.532663316582915	0.5025125628140703
Node3	18	2	179	199	82	9.045226130653266	1.0050251256281406
Node4	19	1	179	199	76	9.547738693467336	0.5025125628140703
Node5	15	4	180	199	69	7.5376884422110555	2.0100502512562812
