node	rna_match	dna_match	neither	total	high_pp	pct_rna	pct_dna
Node1	6	3	10	19	18	31.57894736842105	15.789473684210526
Node2	7	3	9	19	19	36.8421052631579	15.789473684210526
Node3	7	3	9	19	19	36.8421052631579	15.789473684210526
Node4	7	3	9	19	19	36.8421052631579	15.789473684210526
Node5	7	3	9	19	19	36.8421052631579	15.789473684210526
