node	rna_match	dna_match	neither	total	high_pp	pct_rna	pct_dna
Node1	2	0	11	13	8	15.384615384615385	0.0
Node2	2	0	11	13	9	15.384615384615385	0.0
Node3	2	0	11	13	11	15.384615384615385	0.0
Node4	3	0	10	13	11	23.076923076923077	0.0
Node5	3	0	10	13	12	23.076923076923077	0.0
