node	rna_match	dna_match	neither	total	high_pp	pct_rna	pct_dna
Node1	1	0	11	12	7	8.333333333333334	0.0
Node2	1	0	11	12	9	8.333333333333334	0.0
Node3	1	0	11	12	9	8.333333333333334	0.0
Node4	1	0	11	12	8	8.333333333333334	0.0
Node5	1	0	11	12	7	8.333333333333334	0.0
