node	rna_match	dna_match	neither	total	high_pp	pct_rna	pct_dna
Node1	0	22	1	23	22	0.0	95.65217391304348
Node2	0	22	1	23	22	0.0	95.65217391304348
Node3	0	22	1	23	22	0.0	95.65217391304348
Node4	0	21	2	23	21	0.0	91.30434782608695
Node5	0	21	2	23	22	0.0	91.30434782608695
