node	rna_match	dna_match	neither	total	high_pp	pct_rna	pct_dna
Node1	9	0	17	26	20	34.61538461538461	0.0
Node2	10	0	16	26	22	38.46153846153846	0.0
Node3	10	0	16	26	23	38.46153846153846	0.0
Node4	10	0	16	26	22	38.46153846153846	0.0
Node5	10	0	16	26	21	38.46153846153846	0.0
