node	rna_match	dna_match	neither	total	high_pp	pct_rna	pct_dna
Node1	0	1	6	7	3	0.0	14.285714285714286
Node2	0	1	6	7	3	0.0	14.285714285714286
Node3	0	1	6	7	3	0.0	14.285714285714286
Node4	0	1	6	7	3	0.0	14.285714285714286
Node5	0	1	6	7	3	0.0	14.285714285714286
