node	rna_match	dna_match	neither	total	high_pp	pct_rna	pct_dna
Node1	10	9	11	30	29	33.333333333333336	30.0
Node2	10	9	11	30	30	33.333333333333336	30.0
Node3	10	9	11	30	29	33.333333333333336	30.0
Node4	10	9	11	30	29	33.333333333333336	30.0
Node5	10	9	11	30	28	33.333333333333336	30.0
