node	rna_match	dna_match	neither	total	high_pp	pct_rna	pct_dna
Node1	10	3	5	18	16	55.55555555555556	16.666666666666668
Node2	10	3	5	18	15	55.55555555555556	16.666666666666668
Node3	10	3	5	18	17	55.55555555555556	16.666666666666668
Node4	10	3	5	18	14	55.55555555555556	16.666666666666668
Node5	10	3	5	18	13	55.55555555555556	16.666666666666668
