node	rna_match	dna_match	neither	total	high_pp	pct_rna	pct_dna
Node1	3	1	26	30	13	10.0	3.3333333333333335
Node2	3	2	25	30	12	10.0	6.666666666666667
Node3	4	2	24	30	14	13.333333333333334	6.666666666666667
Node4	4	2	24	30	12	13.333333333333334	6.666666666666667
Node5	3	2	25	30	13	10.0	6.666666666666667
