node	rna_match	dna_match	neither	total	high_pp	pct_rna	pct_dna
Node1	5	0	17	22	12	22.727272727272727	0.0
Node2	6	1	15	22	19	27.272727272727273	4.545454545454546
Node3	6	1	15	22	18	27.272727272727273	4.545454545454546
Node4	6	1	15	22	18	27.272727272727273	4.545454545454546
Node5	6	1	15	22	18	27.272727272727273	4.545454545454546
